{
        "vertices": [0,0,0.5,0,-0.125856,0.248288,0.016192,-0.123347,0.248429,0.016192,-0.052487,0.390148,0.016192,-0.023745,0.44252,0.016192,-0.012912,0.458577,0.016192,-0.006357,0.465208,0.016192,-0.001215,0.467525,0.016192,0.003697,0.466785,0.016192,0.009349,0.462605,0.016192,0.017449,0.45239,0.016192,0.033631,0.425347,0.016192,0.107456,0.282655,0,0.124446,0.248288,-0.018765,0.124527,0.248126,-0.054699,0.11361,0.247814,-0.085861,0.092525,0.247543,-0.109402,0.063165,0.247339,-0.123231,0.028135,0.247219,-0.126049,-0.009455,0.247195,-0.117622,-0.046174,0.247268,-0.098729,-0.078726,0.247432,-0.071081,-0.104237,0.247672,-0.03715,-0.120422,0.247966,0.016192,0.124377,0.248429,0,-0.5,-0.5,0.016192,-0.497561,-0.5,-0.1474,-0.4778,-0.5,0.1474,-0.4778,-0.5,0.037055,-0.120114,0.24861,0.070734,-0.103728,0.248902,0.098061,-0.078193,0.24914,0.116675,-0.045803,0.249301,0.124963,-0.009373,0.249373,0.122192,0.027897,0.249349,0.108583,0.062692,0.249231,0.085355,0.091981,0.249029,0.054494,0.113183,0.248761,0.01874,0.124366,0.248451,0,0.4944,-0.5,-0.0745,0.4944,-0.5,0.016192,0.4944,-0.5,-0.2169,0.4505,-0.5,-0.3401,0.3665,-0.5,-0.433,0.25,-0.5,-0.4875,0.1113,-0.5,-0.4986,-0.0374,-0.5,-0.4654,-0.1827,-0.5,-0.3909,-0.3117,-0.5,-0.2817,-0.4131,-0.5,0.0745,0.4944,-0.5,0,0,-0.5,0.016192,-0.052487,-0.5,0.2817,-0.4131,-0.5,0.016192,-0.023745,-0.5,0.3909,-0.3117,-0.5,0.4654,-0.1827,-0.5,0.4986,-0.0374,-0.5,0.4875,0.1113,-0.5,0.433,0.25,-0.5,0.3401,0.3665,-0.5,0.2169,0.4505,-0.5,0.016192,0.107456,-0.5,0.016192,0.033631,-0.5,0.016192,-0.012912,-0.5,0.016192,-0.006357,-0.5,0.016192,-0.001215,-0.5,0.016192,0.003697,-0.5,0.016192,0.009349,-0.5,0.016192,0.017449,-0.5],
        "faces": [43,0,1,2,3,0,0,1,2,3,0,1,2,3,42,0,3,4,0,4,5,6,0,3,4,42,0,4,5,0,7,8,9,0,4,5,42,0,5,6,0,10,11,12,0,5,6,42,0,6,7,0,13,14,15,0,6,7,42,0,7,8,0,16,17,18,0,7,8,42,0,8,9,0,19,20,21,0,8,9,42,0,9,10,0,22,23,24,0,9,10,42,0,10,11,0,25,26,27,0,10,11,42,0,11,12,0,28,29,30,0,11,12,42,0,13,14,0,31,32,33,0,13,14,42,0,14,15,0,34,35,36,0,14,15,42,0,15,16,0,37,38,39,0,15,16,42,0,16,17,0,40,41,42,0,16,17,42,0,17,18,0,43,44,45,0,17,18,42,0,18,19,0,46,47,48,0,18,19,42,0,19,20,0,49,50,51,0,19,20,42,0,20,21,0,52,53,54,0,20,21,42,0,21,22,0,55,56,57,0,21,22,42,0,22,23,0,58,59,60,0,22,23,42,0,23,1,0,61,62,63,0,23,1,43,0,12,24,13,0,31,64,65,32,0,12,13,13,43,1,25,26,2,0,1,66,67,2,1,24,25,2,43,23,27,25,1,0,62,68,69,63,23,26,24,1,43,26,28,29,2,0,67,70,71,2,25,27,3,2,42,29,3,2,0,71,3,2,3,3,2,43,3,29,30,4,0,5,72,73,6,3,3,4,4,43,4,30,31,5,0,8,74,75,9,4,4,5,5,43,5,31,32,6,0,11,76,77,12,5,5,6,6,43,6,32,33,7,0,14,78,79,15,6,6,7,7,43,7,33,34,8,0,17,80,81,18,7,7,8,8,43,8,34,35,9,0,20,82,83,21,8,8,9,9,43,9,35,36,10,0,23,84,85,24,9,9,10,10,43,10,36,37,11,0,26,86,87,27,10,10,11,11,43,11,37,38,12,0,29,88,89,30,11,11,12,12,42,12,38,24,0,64,90,65,12,12,13,43,13,39,40,14,0,32,91,92,33,13,28,29,14,43,24,41,39,13,0,65,93,91,32,13,28,28,13,43,14,40,42,15,0,35,92,94,36,14,29,30,15,43,15,42,43,16,0,38,94,95,39,15,30,31,16,43,16,43,44,17,0,41,95,96,42,16,31,32,17,43,17,44,45,18,0,44,96,97,45,17,32,33,18,43,18,45,46,19,0,47,97,98,48,18,33,34,19,43,19,46,47,20,0,50,98,99,51,19,34,35,20,43,20,47,48,21,0,53,99,100,54,20,35,36,21,43,21,48,49,22,0,56,100,101,57,21,36,37,22,43,22,49,27,23,0,59,101,68,60,22,37,26,23,43,38,50,41,24,0,90,102,93,65,12,38,28,13,42,25,27,51,0,69,68,0,24,26,39,43,26,25,51,52,0,67,66,0,3,25,24,39,40,42,28,26,52,0,70,67,3,27,25,40,42,27,49,51,0,68,101,0,26,37,39,43,53,28,52,54,0,103,70,3,104,41,27,40,40,43,29,28,53,30,0,72,70,103,73,3,27,41,4,43,30,53,55,31,0,74,103,105,75,4,41,42,5,43,31,55,56,32,0,76,105,106,77,5,42,43,6,43,32,56,57,33,0,78,106,107,79,6,43,44,7,43,33,57,58,34,0,80,107,108,81,7,44,45,8,43,34,58,59,35,0,82,108,109,83,8,45,46,9,43,35,59,60,36,0,84,109,110,85,9,46,47,10,43,36,60,61,37,0,86,110,111,87,10,47,48,11,43,37,61,50,38,0,88,111,102,89,11,48,38,12,42,40,39,51,0,92,91,0,29,28,39,43,39,41,62,51,0,91,93,112,0,28,28,40,39,42,42,40,51,0,94,92,0,30,29,39,42,41,50,62,0,93,102,112,28,38,40,42,43,42,51,0,95,94,0,31,30,39,42,44,43,51,0,96,95,0,32,31,39,42,45,44,51,0,97,96,0,33,32,39,42,46,45,51,0,98,97,0,34,33,39,42,47,46,51,0,99,98,0,35,34,39,42,48,47,51,0,100,99,0,36,35,39,42,49,48,51,0,101,100,0,37,36,39,43,50,61,63,62,0,102,111,113,112,38,48,40,40,42,52,51,54,0,3,0,104,40,39,40,42,54,51,64,0,104,0,114,40,39,40,42,64,51,65,0,114,0,115,40,39,40,42,65,51,66,0,115,0,116,40,39,40,42,66,51,67,0,116,0,117,40,39,40,42,67,51,68,0,117,0,118,40,39,40,42,68,51,69,0,118,0,119,40,39,40,42,69,51,63,0,119,0,113,40,39,40,42,63,51,62,0,113,0,112,40,39,40,43,55,53,54,64,0,105,103,104,114,42,41,40,40,43,56,55,64,65,0,106,105,114,115,43,42,40,40,43,57,56,65,66,0,107,106,115,116,44,43,40,40,43,58,57,66,67,0,108,107,116,117,45,44,40,40,43,59,58,67,68,0,109,108,117,118,46,45,40,40,43,60,59,68,69,0,110,109,118,119,47,46,40,40,43,61,60,69,63,0,111,110,119,113,48,47,40,40],
        "uvs": [[0,1,0,0.748289,0.005231,0.748429,0.005231,0.890148,0.047619,1,0.047619,0.890148,0.050356,0.94252,0.095238,1,0.095238,0.94252,0.097211,0.958577,0.142857,1,0.142857,0.958577,0.144514,0.965208,0.190476,1,0.190476,0.965208,0.192023,0.967525,0.238095,1,0.238095,0.967525,0.239677,0.966785,0.285714,1,0.285714,0.966785,0.287495,0.962605,0.333333,1,0.333333,0.962605,0.3356,0.95239,0.380952,1,0.380952,0.95239,0.384507,0.925347,0.428571,1,0.428571,0.925347,0.438921,0.782655,0.47619,1,0.482184,0.748289,0.488184,0.748126,0.52381,1,0.52381,0.748126,0.535818,0.747814,0.571429,1,0.571429,0.747814,0.58345,0.747543,0.619048,1,0.619048,0.747543,0.631079,0.747339,0.666667,1,0.666667,0.747339,0.678704,0.747219,0.714286,1,0.714286,0.747219,0.726324,0.747195,0.761905,1,0.761905,0.747195,0.77394,0.747268,0.809524,1,0.809524,0.747268,0.821551,0.747432,0.857143,1,0.857143,0.747432,0.869159,0.747672,0.904762,1,0.904762,0.747672,0.916764,0.747966,0.952381,1,0.952381,0.747966,0.964367,0.748289,0.47619,0.782655,0.477005,0.748429,0,0,0.005231,0,0.952381,0,1,0,0.047619,0,0.011971,0.74861,0.047619,0.74861,0.059576,0.748902,0.095238,0.748902,0.107184,0.74914,0.142857,0.74914,0.154795,0.749301,0.190476,0.749301,0.202411,0.749373,0.238095,0.749373,0.250031,0.749349,0.285714,0.749349,0.297656,0.749231,0.333333,0.749231,0.345284,0.749029,0.380952,0.749029,0.392916,0.748761,0.428571,0.748761,0.44055,0.748451,0.47619,0.748451,0.5,0,0.52381,0,0.494825,0,0.571429,0,0.619048,0,0.666667,0,0.714286,0,0.761905,0,0.809524,0,0.857143,0,0.904762,0,0.47619,0,0.095238,0,0.005474,0.94252,0.142857,0,0.190476,0,0.238095,0,0.285714,0,0.333333,0,0.380952,0,0.428571,0,0.103498,0.782655,0.031994,0.925347,0.005918,0.958577,0.006627,0.965208,0.007732,0.967525,0.00949,0.966785,0.012465,0.962605,0.018137,0.95239]],
        "normals": [0,0,1,0,-0.894406,0.447188,0.133488,-0.88641,0.44319,0.263649,-0.854671,0.447218,0.504013,-0.738853,0.447188,0.699362,-0.557573,0.447157,0.832545,-0.326914,0.447188,0.891903,-0.067049,0.447188,0.871975,0.199072,0.447218,0.774499,0.44734,0.447188,0.608356,0.655629,0.447188,0.388012,0.805872,0.447188,0.133213,0.884426,0.447188,0,0.89642,0.44319,-0.133213,0.884426,0.447188,-0.388012,0.805872,0.447188,-0.608356,0.655629,0.447188,-0.774499,0.44734,0.447188,-0.871975,0.199072,0.447218,-0.891903,-0.067049,0.447188,-0.832545,-0.326914,0.447188,-0.699362,-0.557573,0.447157,-0.504013,-0.738853,0.447188,-0.263649,-0.854671,0.447218,0,-0.870266,-0.492569,0.126499,-0.839991,-0.527604,-0.256539,-0.831629,-0.492508,0.256539,-0.831629,-0.492508,0,0.849452,-0.527635,-0.129612,0.86053,-0.492569,-0.377544,0.784112,-0.492508,-0.591937,0.637928,-0.492538,-0.753563,0.435255,-0.492599,-0.848476,0.193701,-0.492447,-0.867824,-0.065249,-0.492538,-0.810053,-0.318064,-0.492569,-0.680441,-0.542497,-0.492599,-0.490432,-0.718925,-0.492508,0.129612,0.86053,-0.492569,0,0,-0.999969,0,0,-1,0.490432,-0.718925,-0.492508,0.680441,-0.542497,-0.492599,0.810053,-0.318064,-0.492569,0.867824,-0.065249,-0.492538,0.848476,0.193701,-0.492447,0.753563,0.435255,-0.492599,0.591937,0.637928,-0.492538,0.377544,0.784112,-0.492508],